{"cameraMode":{"drawMode":1,"name":"Wireframe","section":"Shading Mode"},"sceneLighting":true,"audioPlay":false,"sceneViewState":{"m_AlwaysRefresh":false,"showFog":false,"showSkybox":false,"showFlares":false,"showImageEffects":false,"showParticleSystems":false,"showVisualEffectGraphs":true,"m_FxEnabled":true},"in2DMode":false,"pivot":{"x":-0.4930775761604309,"y":1.3591034412384034,"z":-0.34999147057533266},"rotation":{"x":0.009693743661046029,"y":-0.9770726561546326,"z":0.2082548886537552,"w":0.04535974562168121},"size":0.825157105922699,"orthographic":true}