{"cameraMode":{"drawMode":2,"name":"Shaded Wireframe","section":"Shading Mode"},"sceneLighting":false,"audioPlay":false,"sceneViewState":{"m_AlwaysRefresh":false,"showFog":false,"showSkybox":false,"showFlares":false,"showImageEffects":false,"showParticleSystems":false,"showVisualEffectGraphs":true,"m_FxEnabled":true},"in2DMode":false,"pivot":{"x":0.06294801086187363,"y":1.407825231552124,"z":-0.6078817844390869},"rotation":{"x":-0.00011695512512233108,"y":-0.9997855424880981,"z":0.025397170335054399,"w":-0.00020082150876987725},"size":1.0412031412124634,"orthographic":true}