{"cameraMode":{"drawMode":1,"name":"Wireframe","section":"Shading Mode"},"sceneLighting":true,"audioPlay":false,"sceneViewState":{"m_AlwaysRefresh":false,"showFog":false,"showSkybox":false,"showFlares":false,"showImageEffects":false,"showParticleSystems":false,"showVisualEffectGraphs":true,"m_FxEnabled":true},"in2DMode":false,"pivot":{"x":-0.21686357259750367,"y":1.5396727323532105,"z":-0.06791577488183975},"rotation":{"x":0.0009181586792692542,"y":0.9979299306869507,"z":-0.06395456194877625,"w":0.01416563056409359},"size":0.4204724431037903,"orthographic":true}