{"cameraMode":{"drawMode":2,"name":"Shaded Wireframe","section":"Shading Mode"},"sceneLighting":false,"audioPlay":false,"sceneViewState":{"m_AlwaysRefresh":false,"showFog":false,"showSkybox":false,"showFlares":false,"showImageEffects":false,"showParticleSystems":false,"showVisualEffectGraphs":true,"m_FxEnabled":true},"in2DMode":false,"pivot":{"x":0.030290722846984865,"y":1.2577701807022095,"z":-0.5631434917449951},"rotation":{"x":-0.0002916433440987021,"y":-0.9999205470085144,"z":-0.010600251145660878,"w":0.015795597806572915},"size":1.4342719316482545,"orthographic":true}