{"cameraMode":{"drawMode":2,"name":"Shaded Wireframe","section":"Shading Mode"},"sceneLighting":false,"audioPlay":false,"sceneViewState":{"m_AlwaysRefresh":false,"showFog":true,"showSkybox":true,"showFlares":true,"showImageEffects":true,"showParticleSystems":true,"showVisualEffectGraphs":true,"m_FxEnabled":true},"in2DMode":false,"pivot":{"x":0.0003745555877685547,"y":1.7175219058990479,"z":0.024958133697509767},"rotation":{"x":0.23886948823928834,"y":0.1167759895324707,"z":-0.028948292136192323,"w":0.9635769128799439},"size":2.6005196571350099,"orthographic":true}