{"cameraMode":{"drawMode":0,"name":"Shaded","section":"Shading Mode"},"sceneLighting":true,"audioPlay":false,"sceneViewState":{"m_AlwaysRefresh":false,"showFog":true,"showSkybox":true,"showFlares":true,"showImageEffects":true,"showParticleSystems":true,"showVisualEffectGraphs":true,"m_FxEnabled":true},"in2DMode":false,"pivot":{"x":745.5883178710938,"y":214.07032775878907,"z":49.617713928222659},"rotation":{"x":0.13304263353347779,"y":-0.07377143949270249,"z":0.009929212741553784,"w":0.9883241653442383},"size":279.0291748046875,"orthographic":false}