{"cameraMode":{"drawMode":0,"name":"Shaded","section":"Shading Mode"},"sceneLighting":true,"audioPlay":false,"sceneViewState":{"m_AlwaysRefresh":false,"showFog":true,"showSkybox":true,"showFlares":true,"showImageEffects":true,"showParticleSystems":true,"showVisualEffectGraphs":true,"m_FxEnabled":true},"in2DMode":false,"pivot":{"x":-25.546066284179689,"y":114.95512390136719,"z":18.74303436279297},"rotation":{"x":0.00036954550887458026,"y":-0.9938945174217224,"z":0.11077740043401718,"w":0.0033772001042962076},"size":163.8726348876953,"orthographic":true}